店舗名,記事タイトル,URL,投稿日,カテゴリ推定
BPSなかやま,STRAVAでオンラインクラブ開始しました～！！,https://www.bps-nakayama.com/20251224/strava_online_club/,2025-12,お知らせ
BPSなかやま,シマノビンディングシューズ デビュー応援セール！！,https://www.bps-nakayama.com/20250501/202505shimanoshoessale/,2025-05,商品紹介
BPSなかやま,BROMPTON ブロンプトン 在庫一覧 入荷予定一覧,https://www.bps-nakayama.com/20241218/brompton-%e5%85%a5%e8%8d%b7%e4%ba%88%e5%ae%9a%e5%9c%a8%e5%ba%ab/,2024-12,商品紹介
BPSなかやま,最新モデル PINAARELLO ピナレロ 2025 DOGMA F登場！,https://www.bps-nakayama.com/20240704/pinaarello-dogma-f-my25/,2024-07,商品紹介
BPSなかやま,日曜のなかやま朝練は,https://www.bps-nakayama.com/20231116/%e6%97%a5%e6%9b%9c%e3%81%ae%e3%81%aa%e3%81%8b%e3%82%84%e3%81%be%e6%9c%9d%e7%b7%b4%e3%81%af/,2023-11,イベントレポート
BPSなかやま,シマノクランクの無償点検プログラム,https://www.bps-nakayama.com/20231030/20230921_shimanocheck/,2023-10,お知らせ
BPSなかやま,2026年 TREK FX1 Gen4 通勤・通学仕様カスタム①,https://www.bps-nakayama.com/20260131/2026%e5%b9%b4-trek-fx1-gen4-%e9%80%9a%e5%8b%a4%e3%83%bb%e9%80%9a%e5%ad%a6%e4%bb%95%e6%a7%98%e3%82%ab%e3%82%b9%e3%82%bf%e3%83%a0%e2%91%a0/,2026-01,商品紹介
BPSなかやま,なかやま 春のスポーツバイク、新生活応援キャンペーン ！！,https://www.bps-nakayama.com/20260130/2026springcampaign/,2026-01,お知らせ
BPSなかやま,2026年2月19日(木) パンク修理講習会,https://www.bps-nakayama.com/20260127/20260219_panku/,2026-01,イベントレポート
BPSなかやま,なかやま 春のスポーツバイク、新生活応援キャンペーン 告知！！,https://www.bps-nakayama.com/20260127/2026springcampaign_cs/,2026-01,お知らせ
BPSなかやま,2026年4月19日(日) おかやまエンデューロ,https://www.bps-nakayama.com/20260125/20260419_okaen/,2026-01,イベントレポート
BPSなかやま,PanaracerAGILEST CL & TLR パフォーマンスタイヤ応援セール！,https://www.bps-nakayama.com/20260125/202601panaraceragilest_cltlr/,2026-01,商品紹介
BPSなかやま,緊急告知！！1月25日(日)CEEPO試乗会開催！,https://www.bps-nakayama.com/20260119/ceepo_20260125/,2026-01,イベントレポート
BPSなかやま,木山ホーリートレイル耐久レース プレ大会 参加者募集中！,https://www.bps-nakayama.com/20260119/20260222kiyamaholytrail/,2026-01,イベントレポート
BPSなかやま,2025-26シクロクロス参加してみませんか？シーズンもあと約2か月,https://www.bps-nakayama.com/20260119/2025-26cyclecross/,2026-01,イベントレポート
BPSなかやま,店長のひとりごと（カキオコサイクリング）,https://www.bps-nakayama.com/20260115/%e5%ba%97%e9%95%b7%e3%81%ae%e3%81%b2%e3%81%a8%e3%82%8a%e3%81%94%e3%81%a8%ef%bc%88%e3%82%ab%e3%82%ad%e3%82%aa%e3%82%b3%e3%82%b5%e3%82%a4%e3%82%af%e3%83%aa%e3%83%b3%e3%82%b0%ef%bc%89/,2026-01,コース紹介
BPSなかやま,cannondale キャノンデール Treadwell 3 S Dusty Blue,https://www.bps-nakayama.com/20260109/cannondale-%e3%82%ad%e3%83%a3%e3%83%8e%e3%83%b3%e3%83%87%e3%83%bc%e3%83%ab-treadwell-3-s-dusty-blue/,2026-01,商品紹介
BPSなかやま,新年カキオコサイクリング 2025-26カキオコマップ,https://www.bps-nakayama.com/20260108/%e6%96%b0%e5%b9%b4%e3%82%ab%e3%82%ad%e3%82%aa%e3%82%b3%e3%82%b5%e3%82%a4%e3%82%af%e3%83%aa%e3%83%b3%e3%82%b0-2025-26%e3%82%ab%e3%82%ad%e3%82%aa%e3%82%b3%e3%83%9e%e3%83%83%e3%83%97/,2026-01,コース紹介
BPSなかやま,店長のひとりごと（初詣サイクリング）,https://www.bps-nakayama.com/20260102/%e5%ba%97%e9%95%b7%e3%81%ae%e3%81%b2%e3%81%a8%e3%82%8a%e3%81%94%e3%81%a8%ef%bc%88%e5%88%9d%e8%a9%a3%e3%82%b5%e3%82%a4%e3%82%af%e3%83%aa%e3%83%b3%e3%82%b0%ef%bc%89/,2026-01,コース紹介
BPSなかやま,店長のひとりごと（初日の出サイクリング）,https://www.bps-nakayama.com/20260101/%e5%ba%97%e9%95%b7%e3%81%ae%e3%81%b2%e3%81%a8%e3%82%8a%e3%81%94%e3%81%a8%ef%bc%88%e5%88%9d%e6%97%a5%e3%81%ae%e5%87%ba%e3%82%b5%e3%82%a4%e3%82%af%e3%83%aa%e3%83%b3%e3%82%b0%ef%bc%89/,2026-01,コース紹介
BPSなかやま,新年あけましておめでとうございます！！,https://www.bps-nakayama.com/20260101/20260101ny/,2026-01,お知らせ
BPSなかやま,店長のひとりごと（年末のご挨拶）,https://www.bps-nakayama.com/20251231/%e5%ba%97%e9%95%b7%e3%81%ae%e3%81%b2%e3%81%a8%e3%82%8a%e3%81%94%e3%81%a8-47/,2025-12,お知らせ
BPSなかやま,店長のひとりごと（なかやま朝練）,https://www.bps-nakayama.com/20251230/%e5%ba%97%e9%95%b7%e3%81%ae%e3%81%b2%e3%81%a8%e3%82%8a%e3%81%94%e3%81%a8-46/,2025-12,イベントレポート
BPSなかやま,2026 新春初売り！ガラポン抽選お値引還元祭り！,https://www.bps-nakayama.com/20251230/2026-newsale/,2025-12,お知らせ
BPSなかやま,今年最後のなかやま朝練,https://www.bps-nakayama.com/20251228/%e4%bb%8a%e5%b9%b4%e6%9c%80%e5%be%8c%e3%81%ae%e3%81%aa%e3%81%8b%e3%82%84%e3%81%be%e6%9c%9d%e7%b7%b4/,2025-12,イベントレポート
BPSなかやま,2026年1月2日（金）虫明林道ライド,https://www.bps-nakayama.com/20251225/20260102mushiake/,2025-12,イベントレポート
BPSなかやま,軽量クランクで話題のELILEE(エライリー)を取り扱いしているBOOTLIGHT BICYCLE,https://www.bps-nakayama.com/20251224/bootlight_bicycle_elilee/,2025-12,商品紹介
BPSなかやま,Oniベアリングカスタム IndustryNine(i9) Formosa 手組カスタム,https://www.bps-nakayama.com/20251222/onibearing_industryninei9-formosa/,2025-12,商品紹介
BPSなかやま,Oniベアリングカスタム ROVAL RAPIDE CLX DISC,https://www.bps-nakayama.com/20251221/onibearing_cadex-50-ultra-disc/,2025-12,商品紹介
BPSなかやま,密かに話題のビックプーリーTRiPEAK,https://www.bps-nakayama.com/20251220/tripeakapow/,2025-12,商品紹介
BPSなかやま,GOKISO & FORMOSA C5023 24H DreamBuild 手組カスタム,https://www.bps-nakayama.com/20251220/gokiso-formosa-c5023-24h-dreambuild-%e6%89%8b%e7%b5%84%e3%82%ab%e3%82%b9%e3%82%bf%e3%83%a0/,2025-12,商品紹介
cycle shop Freedom,【OUTLET】スペシャライズドお買い得バイクありますよ！,https://livfre.jp/okayamablog/20260127-3391/,2026-01,商品紹介
cycle shop Freedom,営業時間変更のお知らせ,https://livfre.jp/okayamablog/20260124-3390/,2026-01,お知らせ
cycle shop Freedom,【お手頃価格！】GPSサイクルコンピューター,https://livfre.jp/okayamablog/20260123-3389/,2026-01,商品紹介
cycle shop Freedom,S-WORKS POWER EVO MIRRORインプレッション,https://livfre.jp/okayamablog/20260123-3388/,2026-01,商品紹介
cycle shop Freedom,究極の寒さ対策！？ハンドルカバー導入,https://livfre.jp/okayamablog/20260121-3387/,2026-01,商品紹介
cycle shop Freedom,岡山県サイクルスポーツ競技会イベント情報,https://livfre.jp/okayamablog/20260118-3385/,2026-01,イベントレポート
cycle shop Freedom,春のライドシーズンに備えましょう！作業工賃割引キャンペーン,https://livfre.jp/okayamablog/20260118-3386/,2026-01,メンテナンス
cycle shop Freedom,シルバーが映える！お客様のカスタムバイク,https://livfre.jp/okayamablog/20260110-3384/,2026-01,商品紹介
cycle shop Freedom,【超軽量】YOELEO CL MAX入荷しました！,https://livfre.jp/okayamablog/20251223-3379/,2025-12,商品紹介
cycle shop Freedom,【年末年始限定】DE ROSA IDOL 試乗出来ます！,https://livfre.jp/okayamablog/20251222-3378/,2025-12,商品紹介
cycle shop Freedom,【Muc-Off】プレゼントキャンペーン！！,https://livfre.jp/okayamablog/20251222-3377/,2025-12,お知らせ
cycle shop Freedom,【OUTLET】お得なビンディングシューズありますよ！,https://livfre.jp/okayamablog/20251217-3375/,2025-12,商品紹介
cycle shop Freedom,【OUTLET】スペシャライズド防寒ビブタイツ,https://livfre.jp/okayamablog/20251217-3374/,2025-12,商品紹介
cycle shop Freedom,MEROCAフラットペダル入荷しました,https://livfre.jp/okayamablog/20251216-3372/,2025-12,商品紹介
cycle shop Freedom,【シリコン100%】バーテープ入荷しました！,https://livfre.jp/okayamablog/20251215-3371/,2025-12,商品紹介
cycle shop Freedom,ご納車バイク紹介！,https://livfre.jp/okayamablog/20251213-3368/,2025-12,商品紹介
cycle shop Freedom,Muc-Off C3 CERAMIC ALL WEATHER LUBE,https://livfre.jp/okayamablog/20251214-3370/,2025-12,メンテナンス
cycle shop Freedom,シマノSPD新型クリート入荷しました,https://livfre.jp/okayamablog/20251212-3367/,2025-12,商品紹介
cycle shop Freedom,スペシャライズド無金利キャンペーン活用例！！,https://livfre.jp/okayamablog/20251213-3369/,2025-12,お知らせ
cycle shop Freedom,個人的 ベストバイオブザイヤー 2025,https://livfre.jp/okayamablog/20251209-3366/,2025-12,商品紹介
cycle shop Freedom,ROVAL RAPIDE CLXⅢメッチャ走ります！！,https://livfre.jp/okayamablog/20251209-3365/,2025-12,商品紹介
cycle shop Freedom,セラミックBB入荷しました！,https://livfre.jp/okayamablog/20251209-3364/,2025-12,商品紹介
cycle shop Freedom,年末年始休業期間のお知らせ,https://livfre.jp/okayamablog/20251209-3363/,2025-12,お知らせ
cycle shop Freedom,CRODERバーテープ入荷しました！,https://livfre.jp/okayamablog/20251209-3362/,2025-12,商品紹介
cycle shop Freedom,日本縦断こころ旅のサポートをさせていただきました,https://livfre.jp/okayamablog/20251208-3361/,2025-12,その他
cycle shop Freedom,YOELEO 新規取り扱い始めました！,https://livfre.jp/okayamablog/20251203-3360/,2025-12,商品紹介
cycle shop Freedom,日照時間が短いこの時期にオススメなライト！,https://livfre.jp/okayamablog/20251202-3359/,2025-12,商品紹介
cycle shop Freedom,お急ぎください！,https://livfre.jp/okayamablog/20251202-3358/,2025-12,お知らせ
cycle shop Freedom,出張ライド！琵琶湖周辺を走ってきました,https://livfre.jp/okayamablog/20251129-3356/,2025-11,コース紹介
cycle shop Freedom,紅葉ライドいってきました,https://livfre.jp/okayamablog/20251114-3354/,2025-11,コース紹介
cycle shop Freedom,ライド中に思わぬ出会いが！,https://livfre.jp/okayamablog/20251107-3352/,2025-11,コース紹介
cycle shop Freedom,ディスクブレーキセルフクリーニング,https://livfre.jp/okayamablog/20251105-3351/,2025-11,メンテナンス
cycle shop Freedom,オーバーホールの季節です！！,https://livfre.jp/okayamablog/20251105-3350/,2025-11,メンテナンス
cycle shop Freedom,秋冬シーズンの必需品準備出来ていますか！？,https://livfre.jp/okayamablog/20251104-3349/,2025-11,商品紹介
cycle shop Freedom,【OUTLET】S-WORKSもお得になってます！,https://livfre.jp/okayamablog/20251101-3348/,2025-11,商品紹介
cycle shop Freedom,【OUTLET】スペシャライズドのお得なバイクご紹介,https://livfre.jp/okayamablog/20251101-3347/,2025-11,商品紹介
cycle shop Freedom,今年も京柱峠に行ってきました！,https://livfre.jp/okayamablog/20251031-3346/,2025-10,コース紹介
cycle shop Freedom,S-WORKS PREVAIL 3 新色入荷しました！！,https://livfre.jp/okayamablog/20251029-3345/,2025-10,商品紹介
cycle shop Freedom,秋の行楽シーズンはサイクリングに行きましょう！！,https://livfre.jp/okayamablog/20251028-3343/,2025-10,コース紹介
cycle shop Freedom,夏だけじゃない！マグネシウムグッズ,https://livfre.jp/okayamablog/20251027-3342/,2025-10,商品紹介
cycle shop Freedom,大人気！Giant Escape R3 再入荷しております,https://livfre.jp/okayamablog/20251027-3341/,2025-10,商品紹介
cycle shop Freedom,RSK片鉄ロマン街道サイクルスタンプラリー行ってきました！,https://livfre.jp/okayamablog/20251025-3340/,2025-10,イベントレポート
cycle shop Freedom,KASK ELEMENTO入荷しました！,https://livfre.jp/okayamablog/20251020-3339/,2025-10,商品紹介
cycle shop Freedom,ご納車バイクショット CREO2 E5 COMP,https://livfre.jp/okayamablog/20251020-3338/,2025-10,商品紹介
cycle shop Freedom,見えない所もメンテナンスしましょう,https://livfre.jp/okayamablog/20251014-3336/,2025-10,メンテナンス
cycle shop Freedom,再び阿蘇サイクリング,https://livfre.jp/okayamablog/20251011-3335/,2025-10,コース紹介
cycle shop Freedom,MAVIC KSYRIUM SL HERITAGE入荷しました！,https://livfre.jp/okayamablog/20251011-3334/,2025-10,商品紹介
cycle shop Freedom,KNOG×EFコラボモデルが入荷しました！,https://livfre.jp/okayamablog/20251006-3330/,2025-10,商品紹介
WAVE BIKES,飛行機遠征の強い味方！シーコン「エアロコンフォート 3.0」のレンタルを開始します！,https://www.wavebikes.jp/information/5504,2026-12,お知らせ
WAVE BIKES,【2026年新サービス＆キャンペーン】スポーツバイク初心者から上級者まで、WAVE BIKESが全力サポート！,https://www.wavebikes.jp/information/5497,2026-12,お知らせ
WAVE BIKES,【岡山店.高松店】買取イベント開催のお知らせ！！,https://www.wavebikes.jp/information/5498,2026-02,お知らせ
WAVE BIKES,【総社店＆岡山店】TREKのオフロードバイクに試乗してみませんか？,https://www.wavebikes.jp/information/5500,2026-02,商品紹介
WAVE BIKES,【岡山店】2/8 LAKEの試し履き会開催！！,https://www.wavebikes.jp/information/5506,2026-02,イベントレポート
WAVE BIKES,【岡山店】初めてのビンディングペダルに最適！！TIME XPRESSO C1,https://www.wavebikes.jp/information/5508,2026-01,初心者向け
WAVE BIKES,【岡山店】EVOCのバックパックは超多機能！！！,https://www.wavebikes.jp/information/5507,2026-01,商品紹介
WAVE BIKES,【岡山店】無灯火は法律違反です！ちゃんとライトを付けましょう！！,https://www.wavebikes.jp/information/5509,2026-01,初心者向け
WAVE BIKES,【総社店・岡山店】定休日変更のご案内,https://www.wavebikes.jp/information/5501,2026-01,お知らせ
WAVE BIKES,【岡山店】SCICONを使っている方は3000円を握りしめて岡山店まで集合！！,https://www.wavebikes.jp/information/5499,2026-01,商品紹介
WAVE BIKES,【ORBEA】【GUSTO】総社店にて取扱い開始！好評予約受付中！！,https://www.wavebikes.jp/information/5502,2026-01,商品紹介
WAVE BIKES,【岡山店】試験的な営業時間変更についてご協力のお願い,https://www.wavebikes.jp/information/5472,2025-12,お知らせ
WAVE BIKES,年末のご挨拶,https://www.wavebikes.jp/information/5496,2025-12,お知らせ
WAVE BIKES,【総社店】DOGMA完成！！,https://www.wavebikes.jp/information/5483,2025-12,商品紹介
WAVE BIKES,【高松店】今年の走り納めライド行ってきた！,https://www.wavebikes.jp/information/5494,2025-12,イベントレポート
WAVE BIKES,【岡山店】SCICONのAEROTRAILで気軽に出かけませんか？,https://www.wavebikes.jp/information/5493,2025-12,商品紹介
WAVE BIKES,【高松店】ハブベアリングの打ちかえを行いました,https://www.wavebikes.jp/information/5492,2025-12,メンテナンス
WAVE BIKES,営業スケジュール＆イベント＆セールご案内,https://www.wavebikes.jp/information/5000,2025-12,お知らせ
WAVE BIKES,【岡山店】来年も勝ってくれ！！Vittoria Corsa Pro RED リミテッド！！,https://www.wavebikes.jp/information/5495,2025-12,メンテナンス
WAVE BIKES,【高松店】ロードバイクカスタムされてますか？,https://www.wavebikes.jp/information/5491,2025-12,商品紹介
WAVE BIKES,【岡山店】こんなところにもライトを取り付ける事ができますよ！！,https://www.wavebikes.jp/information/5486,2025-12,商品紹介
WAVE BIKES,【岡山店】ヒーターグローブのご紹介,https://www.wavebikes.jp/information/5482,2025-12,商品紹介
WAVE BIKES,【岡山店】スタッフ復帰のお知らせ,https://www.wavebikes.jp/information/5481,2025-12,お知らせ
WAVE BIKES,【総社店】チェーンコーティングの勧め！！,https://www.wavebikes.jp/information/5012,2025-12,メンテナンス
WAVE BIKES,【総社店】如何わしい商品ではございません（笑）,https://www.wavebikes.jp/information/3785,2025-12,商品紹介
WAVE BIKES,【岡山店】オデ・・・ユルポタ・・・スル・・・ユックリ・・・コゲル(しまなみイベントレポート),https://www.wavebikes.jp/information/5478,2025-11,イベントレポート
WAVE BIKES,【岡山店】マグネット式で開けやすい！！GRAVELKING TOPTUBE BAG,https://www.wavebikes.jp/information/5477,2025-11,商品紹介
WAVE BIKES,【岡山店】最近のご納車紹介Part2,https://www.wavebikes.jp/information/5471,2025-11,商品紹介
WAVE BIKES,【総社店】ヒャッほう！！ 新しいオモチャKAHA完成！！,https://www.wavebikes.jp/information/5465,2025-11,商品紹介
WAVE BIKES,【岡山店】PAKGO GEARPACK2 入荷しました!!!,https://www.wavebikes.jp/information/5469,2025-11,商品紹介
WAVE BIKES,【岡山店】パンク時におすすめアイテム！,https://www.wavebikes.jp/information/5473,2025-11,メンテナンス
WAVE BIKES,【岡山店】完走前提はおかしくない？SDA王滝初参戦！,https://www.wavebikes.jp/information/5444,2025-11,イベントレポート
