キーワード,分類,現在の記事有無,優先度,記事案
岡山 ロードバイク,地域系,要確認,高,「岡山でロードバイクを始めるならCycleZ」店舗紹介＆地域情報
岡山 ロードバイク 中古,購入検討系,要確認,中,「岡山で中古ロードバイクを選ぶポイント」購入ガイド
岡山 ロードバイク イベント,行動系,要確認,高,「岡山のロードバイクイベント情報まとめ」年間スケジュール
岡山 ロードバイク コース,行動系,要確認,高,「岡山のおすすめサイクリングコース」初心者〜上級者向け
岡山 ロードバイク 買取,購入検討系,要確認,低,「ロードバイク買取・下取りサービス」案内
岡山 ロードバイク専門店,地域系,要確認,高,「岡山のロードバイク専門店CycleZ」特徴紹介
岡山 ロードバイク ショップ,地域系,要確認,高,「岡山駅近くのロードバイクショップ」アクセス案内
岡山 ロードバイク 練習 コース,行動系,要確認,中,「岡山で練習におすすめのコース」レベル別紹介
岡山 ロードバイク サークル,行動系,要確認,中,「岡山のロードバイクサークル・クラブ紹介」
岡山 ロードバイク レンタル,購入検討系,要確認,中,「岡山でロードバイクをレンタルする方法」
岡山 ロードバイク メンテナンス,情報収集系,要確認,高,「岡山でロードバイクのメンテナンスができる店舗」
岡山 ロード バイク 大会,行動系,要確認,中,「岡山近郊のロードバイク大会・レース情報」
岡山 ロード バイク 持ち込み,情報収集系,要確認,低,「持ち込みメンテナンス対応」サービス案内
岡山 自転車屋,地域系,要確認,中,「岡山の自転車屋さん比較」スポーツ自転車専門店の選び方
岡山 自転車 あさひ,地域系,要確認,低,競合記事として参考
岡山 自転車 修理 安い,購入検討系,要確認,中,「岡山で自転車修理が安い店」料金比較
岡山 自転車 中古,購入検討系,要確認,低,「岡山で中古自転車を買う方法」
岡山 自転車 修理 出張,情報収集系,要確認,低,出張修理サービスの有無
岡山 自転車 修理,情報収集系,要確認,中,「自転車修理の料金目安」サービス案内
岡山 自転車 レンタル,購入検討系,要確認,中,「岡山のレンタサイクル情報」
岡山 自転車 ヘルメット,購入検討系,要確認,中,「岡山でヘルメットを買えるお店」法改正対応
岡山 自転車 屋 大きい,地域系,要確認,低,「岡山の大型自転車店」紹介
岡山 自転車 屋 おすすめ,地域系,要確認,高,「岡山のおすすめ自転車屋」ジャンル別紹介
岡山 サイクリングロード,行動系,要確認,高,「岡山のサイクリングロード完全ガイド」
岡山 サイクリング 初心者,情報収集系,要確認,高,「岡山で初心者がサイクリングを始める方法」
岡山 サイクリングコース,行動系,要確認,高,「岡山のサイクリングコースおすすめ10選」
岡山 サイクリング 子供,行動系,要確認,中,「岡山で子供と楽しめるサイクリングスポット」
岡山 サイクリング レンタル,購入検討系,要確認,中,「岡山でサイクリング用自転車をレンタル」
岡山 サイクリング おすすめ,行動系,要確認,高,「岡山のおすすめサイクリングスポット」
岡山 サイクリングイベント,行動系,要確認,高,「岡山のサイクリングイベントカレンダー」
岡山 サイクリング 穴場,行動系,要確認,中,「岡山の穴場サイクリングスポット」
岡山 サイクリング 牛窓,行動系,要確認,中,「牛窓サイクリングコース」絶景ルート紹介
岡山 サイクリング スポット,行動系,要確認,高,「岡山のサイクリングスポット」目的別紹介
ロードバイク 初心者 大会,行動系,要確認,中,「初心者が参加できるロードバイク大会」
ロードバイク 初心者 レース,行動系,要確認,中,「初心者向けロードバイクレース入門」
ロードバイク 初心者 おすすめ,購入検討系,要確認,高,「初心者におすすめのロードバイク」価格帯別紹介
ロードバイク 初心者 イベント,行動系,要確認,中,「初心者歓迎のサイクリングイベント」
ロードバイク 初心者 ftp,情報収集系,要確認,中,「FTPとは？初心者向け解説」
ロードバイク 初心者 おすすめ 2025,購入検討系,要確認,高,「2025年版 初心者おすすめロードバイク」
ロードバイク 初心者 50km,情報収集系,要確認,中,「初心者が50km走るためのトレーニング」
ロードバイク 初心者 ありがち,情報収集系,要確認,高,「初心者がやりがちな失敗と対策」
ロードバイク 初心者 距離,情報収集系,要確認,中,「初心者はどれくらいの距離を走れる？」
ロードバイク 初心者 予算,購入検討系,要確認,高,「初心者のロードバイク予算」10万円〜のおすすめ
ロードバイク 初心者 女性,情報収集系,要確認,高,「女性初心者のためのロードバイク入門」
ロードバイク 初心者 恥ずかしい,情報収集系,要確認,中,「初心者でも恥ずかしくない！始め方ガイド」
ロードバイク 初心者 揃えるもの,購入検討系,要確認,高,「ロードバイク初心者が揃えるべきアイテム」
ロードバイク 初心者 おじさん,情報収集系,要確認,中,「40代・50代から始めるロードバイク」
ロードバイク 女性 かわいい,購入検討系,要確認,中,「女性向けかわいいロードバイク」
ロードバイク 女性用,購入検討系,要確認,高,「女性用ロードバイクの選び方」
ロードバイク 女性 おすすめ,購入検討系,要確認,高,「女性におすすめのロードバイク」
ロードバイク 女性向け,情報収集系,要確認,高,「女性がロードバイクを始めるには」
ロードバイク 女性 サドル,購入検討系,要確認,中,「女性用サドルの選び方」
ロードバイク 女性用サドル,購入検討系,要確認,中,「女性専用サドルおすすめ」
ロードバイク 女性 低身長,情報収集系,要確認,高,「低身長女性のロードバイク選び」
ロードバイク 女性 服装,情報収集系,要確認,高,「女性のロードバイク服装ガイド」
ロードバイク 女性 初心者 安い,購入検討系,要確認,高,「10万円以下で買える女性向けロードバイク」
サイクルウェア 冬,購入検討系,要確認,高,「冬用サイクルウェアの選び方」
サイクルウェア アウター,購入検討系,要確認,中,「サイクルウェアのアウター選び」
サイクルウェア ワークマン,購入検討系,要確認,高,「ワークマンで揃えるサイクルウェア」コスパ最強
サイクルウェア ブランド,情報収集系,要確認,高,「おすすめサイクルウェアブランド」
サイクルウェア カジュアル,購入検討系,要確認,高,「カジュアルに着れるサイクルウェア」
サイクルウェア 冬 モンベル,購入検討系,要確認,中,「モンベルの冬用サイクルウェア」
サイクルウェア レディース,購入検討系,要確認,高,「レディースサイクルウェアおすすめ」
サイクルウェア 福袋,購入検討系,要確認,低,「サイクルウェア福袋情報」
サイクルウェア おしゃれ メンズ,購入検討系,要確認,中,「おしゃれなメンズサイクルウェア」
サイクルウェアブランド 人気,情報収集系,要確認,高,「人気サイクルウェアブランドランキング」
サイクルウェアブランド おしゃれ,情報収集系,要確認,中,「おしゃれなサイクルウェアブランド」
サイクルウェア メンズ,購入検討系,要確認,高,「メンズサイクルウェアの選び方」
サイクルウェア どこで買う,購入検討系,要確認,高,「サイクルウェアはどこで買う？」実店舗vsネット
