キーワード,順位,サイト名,URL,cycleZブログ順位,cycleZメイン順位,備考
岡山 ロードバイク,1,WAVE BIKES,wavebikes.jp,圏外,4位,地域系キーワード
岡山 ロードバイク,2,サイクルセンター岡山本店,cycleokayama.server-shared.com,圏外,4位,
岡山 ロードバイク,3,cicli pioniere,pioniere.link,圏外,4位,
岡山 ロードバイク,4,CycleZ（サイクルゼット）,cycle-z.com,圏外,4位,メインサイト
岡山 ロードバイク,5,サイクルスタート,cyclestart.jp,圏外,4位,
岡山 ロードバイク,6,BICYCLE PRO SHOP なかやま,bps-nakayama.com,圏外,4位,
岡山 ロードバイク,7,岡山県サイクルスポーツ協議会,okayama-cycle.com,圏外,4位,
岡山 ロードバイク,8,ハレいろ・サイクリング OKAYAMA,okayama-kanko.jp,圏外,4位,
岡山 ロードバイク,9,ジャイアントストア岡山,giant-store.jp,圏外,4位,
岡山 ロードバイク,10,cycle shop Freedom,livfre.jp,圏外,4位,
岡山 ロードバイク 初心者,1,CycleZ 初心者講習会ページ,cycle-z.com/first/beginner/,圏外,1位,強い！
岡山 ロードバイク 初心者,2,ENJOY SPORTS BICYCLE,sbaa-bicycle.com,圏外,1位,
岡山 ロードバイク 初心者,3,ハレいろ・サイクリング OKAYAMA,okayama-kanko.jp,圏外,1位,
岡山 ロードバイク 初心者,4,CycleZ メインサイト,cycle-z.com,圏外,1位,メインサイトも4位
岡山 ロードバイク 初心者,5,WAVE BIKES,wavebikes.jp,圏外,1位,
岡山 ロードバイク 初心者,6,cicli pioniere,pioniere.link,圏外,1位,
岡山 ロードバイク 初心者,7,VOKKA,vokka.jp,圏外,1位,
岡山 ロードバイク 初心者,8,CycleZ ブログ（矢掛編）,cycle-z.com/blog/,8位,1位,ブログ記事
岡山 ロードバイク 初心者,9,WAVE BIKES 岡山店,wavebikes.jp/shops/okayama/,8位,1位,
岡山 ロードバイク 初心者,10,サイクルセンター岡山本店,cycleokayama.server-shared.com,8位,1位,
岡山 自転車屋 おすすめ,1,WAVE BIKES,wavebikes.jp,圏外,6位,
岡山 自転車屋 おすすめ,2,サイクルセンター岡山本店,cycleokayama.server-shared.com,圏外,6位,
岡山 自転車屋 おすすめ,3,サイマ（cyma）,cyclemarket.jp,圏外,6位,まとめサイト
岡山 自転車屋 おすすめ,4,TODAYA,todaya.jp,圏外,6位,
岡山 自転車屋 おすすめ,5,サイクルCity,cycle-city.net,圏外,6位,
岡山 自転車屋 おすすめ,6,CycleZ（サイクルゼット）,cycle-z.com,圏外,6位,メインサイト
岡山 自転車屋 おすすめ,7,マピオン電話帳,mapion.co.jp,圏外,6位,
岡山 自転車屋 おすすめ,8,サイクルベースあさひ,store.cb-asahi.co.jp,圏外,6位,
岡山 自転車屋 おすすめ,9,BICYCLE PRO SHOP なかやま,bps-nakayama.com,圏外,6位,
岡山 自転車屋 おすすめ,10,日本交通管理技術協会,tmt.or.jp,圏外,6位,
岡山 サイクリング 初心者,1,美咲町サイクリング,town.misaki.okayama.jp,圏外,圏外,
岡山 サイクリング 初心者,2,ハレいろ・サイクリング OKAYAMA,okayama-kanko.jp,圏外,圏外,
岡山 サイクリング 初心者,3,岡山県自転車商協同組合,cyclenet-okayama.com,圏外,圏外,
岡山 サイクリング 初心者,4,岡山県（PDF）,pref.okayama.jp,圏外,圏外,
岡山 サイクリング 初心者,5,岡山観光WEB,okayama-kanko.jp/okatabi/,圏外,圏外,
岡山 サイクリング 初心者,6,VOKKA,vokka.jp,圏外,圏外,
岡山 サイクリング 初心者,7,move e-bike,blog.move-ebike.co.jp,圏外,圏外,
岡山 サイクリング 初心者,8,CycleZ ブログ（矢掛編）,cycle-z.com/blog/,8位,圏外,ブログ記事のみ
岡山 サイクリング 初心者,9,マイナビニュース,news.mynavi.jp,8位,圏外,
岡山 サイクリング 初心者,10,まっぷるウェブ,mapple.net,8位,圏外,
岡山 サイクリングコース,1,岡山市観光情報サイト,okayama-kanko.net,圏外,圏外,吉備路コース
岡山 サイクリングコース,2,ハレいろ・サイクリング OKAYAMA,okayama-kanko.jp/hareiro-cycling/,圏外,圏外,
岡山 サイクリングコース,3,岡山観光WEB,okayama-kanko.jp/okatabi/,圏外,圏外,
岡山 サイクリングコース,4,岡山県（PDF）,pref.okayama.jp,圏外,圏外,
岡山 サイクリングコース,5,美咲町サイクリング,town.misaki.okayama.jp,圏外,圏外,
岡山 サイクリングコース,6,CycleZ ブログ（矢掛編）,cycle-z.com/blog/,6位,圏外,ブログ記事のみ
岡山 サイクリングコース,7,Setouchi Vélo,setouchivelo.jp,6位,圏外,
岡山 サイクリングコース,8,真庭観光WEB,maniwa.or.jp,6位,圏外,
岡山 サイクリングコース,9,サイクルベースあさひ,chiririn.cb-asahi.co.jp,6位,圏外,
岡山 サイクリングコース,10,岡山市,city.okayama.jp,6位,圏外,
岡山 ロードバイク 女性,1,WAVE BIKES 岡山店,wavebikes.jp/shops/okayama/,圏外,3位,
岡山 ロードバイク 女性,2,サイクルセンター岡山本店,cycleokayama.server-shared.com,圏外,3位,
岡山 ロードバイク 女性,3,CycleZ（サイクルゼット）,cycle-z.com,圏外,3位,メインサイト
岡山 ロードバイク 女性,4,CycleZ Instagram,instagram.com/cyclez2015/,圏外,3位,SNS
岡山 ロードバイク 女性,5,岡山県サイクルスポーツ協議会,okayama-cycle.com,圏外,3位,
岡山 ロードバイク 女性,6,ハレいろ・サイクリング OKAYAMA,okayama-kanko.jp,圏外,3位,
岡山 ロードバイク 女性,7,cicli pioniere,pioniere.link,圏外,3位,
岡山 ロードバイク 女性,8,サイクルスタート,cyclestart.jp,圏外,3位,
岡山 ロードバイク 女性,9,BICYCLE PRO SHOP なかやま,bps-nakayama.com,圏外,3位,
岡山 ロードバイク 女性,10,WAVE BIKES,wavebikes.jp,圏外,3位,
ロードバイク 初心者 10万円,1,CYCLE HACK,cyclehack.jp,圏外,圏外,全国キーワード
ロードバイク 初心者 10万円,2,Rentio PRESS,rentio.jp,圏外,圏外,
ロードバイク 初心者 10万円,3,古賀修三のじてんしゃ学園,kogasyuzo.com,圏外,圏外,
ロードバイク 初心者 10万円,4,buychari,journal.buychari.com,圏外,圏外,
ロードバイク 初心者 10万円,5,lalpebike,lalpebike.com,圏外,圏外,
ロードバイク 初心者 10万円,6,adventure-cycle,adventure-cycle-2023.com,圏外,圏外,
ロードバイク 初心者 10万円,7,価格.comマガジン,kakakumag.com,圏外,圏外,
ロードバイク 初心者 10万円,8,ワイズロード,online.ysroad.co.jp,圏外,圏外,
ロードバイク 初心者 10万円,9,FIND BIKE,findbike.jp,圏外,圏外,
ロードバイク 初心者 10万円,10,INNERTOP,innertop.com,圏外,圏外,
サイクルウェア カジュアル おしゃれ,1,マイベスト,my-best.com,圏外,圏外,全国キーワード
サイクルウェア カジュアル おしゃれ,2,ワイズロード,online.ysroad.co.jp,圏外,圏外,
サイクルウェア カジュアル おしゃれ,3,lalpebike,lalpebike.com,圏外,圏外,
サイクルウェア カジュアル おしゃれ,4,ステムデザイン,stem-design.net,圏外,圏外,
サイクルウェア カジュアル おしゃれ,5,J SPORTSオンラインショップ,store.jsports.co.jp,圏外,圏外,
サイクルウェア カジュアル おしゃれ,6,train-cycling,train-cycling.com,圏外,圏外,
サイクルウェア カジュアル おしゃれ,7,roadbike-fun,roadbike-fun.com,圏外,圏外,
サイクルウェア カジュアル おしゃれ,8,roadbike-labo,roadbike-labo.net,圏外,圏外,
サイクルウェア カジュアル おしゃれ,9,CYCLE HACK,cyclehack.jp,圏外,圏外,
サイクルウェア カジュアル おしゃれ,10,Bicycle Club,funq.jp,圏外,圏外,
吉備路 サイクリング,1,ハレいろ・サイクリング OKAYAMA,okayama-kanko.jp/hareiro-cycling/route/route07.html,圏外,圏外,
吉備路 サイクリング,2,岡山市観光情報サイト,okayama-kanko.net,圏外,圏外,
吉備路 サイクリング,3,岡山市,city.okayama.jp,圏外,圏外,
吉備路 サイクリング,4,総社市,city.soja.okayama.jp,圏外,圏外,
吉備路 サイクリング,5,すまりんのてくてくふたり旅,aranciarossa.work,圏外,圏外,個人ブログ
吉備路 サイクリング,6,岡山市観光情報サイト,okayama-kanko.net,圏外,圏外,
吉備路 サイクリング,7,総社市,city.soja.okayama.jp,圏外,圏外,
吉備路 サイクリング,8,倉敷とことこ,kuratoco.com,圏外,圏外,
吉備路 サイクリング,9,国土交通省,mlit.go.jp,圏外,圏外,
吉備路 サイクリング,10,じゃらんnet,jalan.net,圏外,圏外,
岡山駅 ロードバイク,1,ジモティー,jmty.jp,圏外,2位,中古売買
岡山駅 ロードバイク,2,CycleZ（サイクルゼット）,cycle-z.com,圏外,2位,メインサイト！
岡山駅 ロードバイク,3,サイクルセンター岡山本店,cycleokayama.server-shared.com,圏外,2位,
岡山駅 ロードバイク,4,BICYCLE PRO SHOP なかやま,bps-nakayama.com/program/rentcycle/,圏外,2位,
岡山駅 ロードバイク,5,WAVE BIKES,wavebikes.jp,圏外,2位,
岡山駅 ロードバイク,6,cicli pioniere,pioniere.link,圏外,2位,
岡山駅 ロードバイク,7,BICYCLE PRO SHOP なかやま,bps-nakayama.com,圏外,2位,
岡山駅 ロードバイク,8,サイクルショップタケチ,takechi-bikes.com,圏外,2位,
岡山駅 ロードバイク,9,WAVE BIKES 岡山店,wavebikes.jp/shops/okayama/,圏外,2位,
岡山駅 ロードバイク,10,cycle shop Freedom,livfre.jp,圏外,2位,
